Resort;Service;Sales_Person;Revenue
French Riviera;Hotel Suite;Jerome;9720
French Riviera;Hotel Suite;Jerome;9720
French Riviera;Hotel Suite;Jerome;9720
French Riviera;Hotel Suite;Jerome;3240
French Riviera;Hotel Suite;Jerome;9720
French Riviera;Hotel Suite;Jerome;9720
French Riviera;Hotel Suite;Jerome;9720
French Riviera;Hotel Suite;Jerome;4320
French Riviera;Hotel Suite;Jerome;9720
French Riviera;Hotel Suite;Jerome;9720
French Riviera;Hotel Suite;Jerome;9720
French Riviera;Hotel Suite;Jerome;4320
French Riviera;Sports;Jerome;3040
French Riviera;Sports;Jerome;3040
French Riviera;Sports;Jerome;3040
French Riviera;Sports;Jerome;2280
French Riviera;Sports;Jerome;3040
French Riviera;Sports;Jerome;3040
French Riviera;Sports;Jerome;3040
French Riviera;Sports;Jerome;3040
French Riviera;Sports;Jerome;3040
French Riviera;Sports;Jerome;3040
French Riviera;Sports;Jerome;3040
French Riviera;Sports;Jerome;3040
Bahamas Beach;Hotel Suite;Jerome;10512
Bahamas Beach;Hotel Suite;Jerome;10512
Bahamas Beach;Hotel Suite;Jerome;4672
Bahamas Beach;Hotel Suite;Jerome;10512
Bahamas Beach;Hotel Suite;Jerome;10512
Bahamas Beach;Hotel Suite;Jerome;10512
Bahamas Beach;Hotel Suite;Jerome;3504
Bahamas Beach;Hotel Suite;Jerome;7008
Bahamas Beach;Hotel Suite;Jerome;5840
Bahamas Beach;Hotel Suite;Jerome;4672
Bahamas Beach;Hotel Suite;Jerome;8760
Bahamas Beach;Sports;Jerome;1600
Bahamas Beach;Sports;Jerome;1600
Bahamas Beach;Sports;Jerome;1200
Bahamas Beach;Sports;Jerome;1600
Bahamas Beach;Sports;Jerome;1600
Bahamas Beach;Sports;Jerome;1600
Bahamas Beach;Sports;Jerome;1200
Bahamas Beach;Sports;Jerome;2400
Bahamas Beach;Sports;Jerome;1600
Bahamas Beach;Sports;Jerome;1600
Bahamas Beach;Sports;Jerome;2400
Hawaiian Club;Hotel Suite;Jerome;10620
Hawaiian Club;Hotel Suite;Jerome;8850
Hawaiian Club;Hotel Suite;Jerome;10620
Hawaiian Club;Hotel Suite;Jerome;10620
Hawaiian Club;Hotel Suite;Jerome;12390
Hawaiian Club;Hotel Suite;Jerome;10620
Hawaiian Club;Hotel Suite;Jerome;12390
Hawaiian Club;Hotel Suite;Jerome;10620
Hawaiian Club;Hotel Suite;Jerome;7080
Hawaiian Club;Hotel Suite;Jerome;8850
Hawaiian Club;Hotel Suite;Jerome;10620
Hawaiian Club;Hotel Suite;Jerome;10620
Hawaiian Club;Sports;Jerome;2400
Hawaiian Club;Sports;Jerome;1800
Hawaiian Club;Sports;Jerome;2400
Hawaiian Club;Sports;Jerome;2400
Hawaiian Club;Sports;Jerome;3600
Hawaiian Club;Sports;Jerome;3000
Hawaiian Club;Sports;Jerome;3600
Hawaiian Club;Sports;Jerome;2400
Hawaiian Club;Sports;Jerome;2400
Hawaiian Club;Sports;Jerome;1800
Hawaiian Club;Sports;Jerome;2400
Hawaiian Club;Sports;Jerome;2400
French Riviera;Hotel Room;Jerome;3570
French Riviera;Hotel Room;Jerome;4760
French Riviera;Hotel Room;Jerome;3570
French Riviera;Hotel Room;Jerome;3570
French Riviera;Hotel Room;Jerome;2040
French Riviera;Hotel Room;Jerome;3060
French Riviera;Hotel Room;Jerome;2380
French Riviera;Hotel Room;Jerome;2040
French Riviera;Hotel Room;Jerome;2040
French Riviera;Hotel Room;Jerome;3060
French Riviera;Hotel Room;Jerome;3060
French Riviera;Hotel Room;Jerome;2040
French Riviera;Activities;Jerome;1050
French Riviera;Activities;Jerome;1050
French Riviera;Activities;Jerome;1050
French Riviera;Activities;Jerome;1050
French Riviera;Activities;Jerome;600
French Riviera;Activities;Jerome;600
French Riviera;Activities;Jerome;600
French Riviera;Activities;Jerome;600
French Riviera;Activities;Jerome;600
French Riviera;Activities;Jerome;600
French Riviera;Activities;Jerome;600
French Riviera;Activities;Jerome;600
Bahamas Beach;Hotel Room;Jerome;5376
Bahamas Beach;Hotel Room;Jerome;5376
Bahamas Beach;Hotel Room;Jerome;5376
Bahamas Beach;Hotel Room;Jerome;5376
Bahamas Beach;Hotel Room;Jerome;6720
Bahamas Beach;Hotel Room;Jerome;5376
Bahamas Beach;Hotel Room;Jerome;4032
Bahamas Beach;Hotel Room;Jerome;2304
Bahamas Beach;Hotel Room;Jerome;4800
Bahamas Beach;Hotel Room;Jerome;5376
Bahamas Beach;Hotel Room;Jerome;4032
Bahamas Beach;Activities;Jerome;4800
Bahamas Beach;Activities;Jerome;5600
Bahamas Beach;Activities;Jerome;4800
Bahamas Beach;Activities;Jerome;5600
Bahamas Beach;Activities;Jerome;5600
Bahamas Beach;Activities;Jerome;6400
Bahamas Beach;Activities;Jerome;4800
Bahamas Beach;Activities;Jerome;5600
Bahamas Beach;Activities;Jerome;7000
Bahamas Beach;Activities;Jerome;5600
Bahamas Beach;Activities;Jerome;4200
Hawaiian Club;Hotel Room;Jerome;11700
Hawaiian Club;Hotel Room;Jerome;9360
Hawaiian Club;Hotel Room;Jerome;11700
Hawaiian Club;Hotel Room;Jerome;11700
Hawaiian Club;Hotel Room;Jerome;7800
Hawaiian Club;Hotel Room;Jerome;9360
Hawaiian Club;Hotel Room;Jerome;11700
Hawaiian Club;Hotel Room;Jerome;11700
Hawaiian Club;Hotel Room;Jerome;11700
Hawaiian Club;Hotel Room;Jerome;9360
Hawaiian Club;Hotel Room;Jerome;9360
Hawaiian Club;Hotel Room;Jerome;13650
Hawaiian Club;Activities;Jerome;9000
Hawaiian Club;Activities;Jerome;7200
Hawaiian Club;Activities;Jerome;9000
Hawaiian Club;Activities;Jerome;9000
Hawaiian Club;Activities;Jerome;6000
Hawaiian Club;Activities;Jerome;7200
Hawaiian Club;Activities;Jerome;9000
Hawaiian Club;Activities;Jerome;9000
Hawaiian Club;Activities;Jerome;9000
Hawaiian Club;Activities;Jerome;7200
Hawaiian Club;Activities;Jerome;9000
Hawaiian Club;Activities;Jerome;10500
Bahamas Beach;Hotel Suite;Jerome;10512
Bahamas Beach;Restaurant;Jerome;5320
Bahamas Beach;Restaurant;Jerome;3325
Bahamas Beach;Restaurant;Jerome;2375
Bahamas Beach;Restaurant;Jerome;4560
Bahamas Beach;Restaurant;Jerome;2375
Bahamas Beach;Restaurant;Jerome;2375
Bahamas Beach;Sports;Jerome;1600
Bahamas Beach;Bungalow;Jerome;3200
Bahamas Beach;Fast Food;Jerome;1200
French Riviera;Bungalow;Fischer;3840
French Riviera;Bungalow;Fischer;3840
French Riviera;Bungalow;Fischer;4320
French Riviera;Bungalow;Fischer;2520
French Riviera;Bungalow;Fischer;3840
French Riviera;Bungalow;Fischer;3840
French Riviera;Bungalow;Fischer;4800
French Riviera;Bungalow;Fischer;1440
French Riviera;Bungalow;Fischer;3360
French Riviera;Bungalow;Fischer;3360
French Riviera;Bungalow;Fischer;4200
French Riviera;Bungalow;Fischer;1440
French Riviera;Fast Food;Fischer;2880
French Riviera;Fast Food;Fischer;2880
French Riviera;Fast Food;Fischer;2880
French Riviera;Fast Food;Fischer;1080
French Riviera;Fast Food;Fischer;2880
French Riviera;Fast Food;Fischer;2880
French Riviera;Fast Food;Fischer;2880
French Riviera;Fast Food;Fischer;1440
French Riviera;Fast Food;Fischer;2520
French Riviera;Fast Food;Fischer;2520
French Riviera;Fast Food;Fischer;2520
French Riviera;Fast Food;Fischer;1080
Bahamas Beach;Bungalow;Fischer;2400
Bahamas Beach;Bungalow;Fischer;3200
Bahamas Beach;Bungalow;Fischer;4480
Bahamas Beach;Bungalow;Fischer;3840
Bahamas Beach;Bungalow;Fischer;3840
Bahamas Beach;Bungalow;Fischer;3840
Bahamas Beach;Bungalow;Fischer;4480
Bahamas Beach;Bungalow;Fischer;5600
Bahamas Beach;Bungalow;Fischer;2560
Bahamas Beach;Bungalow;Fischer;5120
Bahamas Beach;Bungalow;Fischer;4480
Bahamas Beach;Fast Food;Fischer;960
Bahamas Beach;Fast Food;Fischer;1200
Bahamas Beach;Fast Food;Fischer;1280
Bahamas Beach;Fast Food;Fischer;1440
Bahamas Beach;Fast Food;Fischer;1440
Bahamas Beach;Fast Food;Fischer;1440
Bahamas Beach;Fast Food;Fischer;1280
Bahamas Beach;Fast Food;Fischer;1440
Bahamas Beach;Fast Food;Fischer;720
Bahamas Beach;Fast Food;Fischer;1440
Bahamas Beach;Fast Food;Fischer;2240
Hawaiian Club;Bungalow;Fischer;4800
Hawaiian Club;Bungalow;Fischer;4500
Hawaiian Club;Bungalow;Fischer;6000
Hawaiian Club;Bungalow;Fischer;2400
Hawaiian Club;Bungalow;Fischer;4200
Hawaiian Club;Bungalow;Fischer;4500
Hawaiian Club;Bungalow;Fischer;6000
Hawaiian Club;Bungalow;Fischer;4800
Hawaiian Club;Bungalow;Fischer;6000
Hawaiian Club;Bungalow;Fischer;4500
Hawaiian Club;Bungalow;Fischer;6000
Hawaiian Club;Bungalow;Fischer;2400
Hawaiian Club;Fast Food;Fischer;3360
Hawaiian Club;Fast Food;Fischer;3150
Hawaiian Club;Fast Food;Fischer;4200
Hawaiian Club;Fast Food;Fischer;1680
Hawaiian Club;Fast Food;Fischer;2940
Hawaiian Club;Fast Food;Fischer;3150
Hawaiian Club;Fast Food;Fischer;4200
Hawaiian Club;Fast Food;Fischer;2940
Hawaiian Club;Fast Food;Fischer;4200
Hawaiian Club;Fast Food;Fischer;3150
Hawaiian Club;Fast Food;Fischer;4200
Hawaiian Club;Fast Food;Fischer;1680
Bahamas Beach;Hotel Room;Fischer;5376
Bahamas Beach;Activities;Fischer;5600
French Riviera;Bungalow;Ishimoto;3840
French Riviera;Bungalow;Ishimoto;4800
French Riviera;Bungalow;Ishimoto;3840
French Riviera;Bungalow;Ishimoto;1440
French Riviera;Bungalow;Ishimoto;3840
French Riviera;Bungalow;Ishimoto;4800
French Riviera;Bungalow;Ishimoto;4800
French Riviera;Bungalow;Ishimoto;1920
French Riviera;Bungalow;Ishimoto;3360
French Riviera;Bungalow;Ishimoto;4200
French Riviera;Bungalow;Ishimoto;3360
French Riviera;Bungalow;Ishimoto;1920
French Riviera;Hotel Suite;Ishimoto;9720
French Riviera;Hotel Suite;Ishimoto;11340
French Riviera;Hotel Suite;Ishimoto;9720
French Riviera;Hotel Suite;Ishimoto;3780
French Riviera;Hotel Suite;Ishimoto;9720
French Riviera;Hotel Suite;Ishimoto;11340
French Riviera;Hotel Suite;Ishimoto;11340
French Riviera;Hotel Suite;Ishimoto;3240
French Riviera;Hotel Suite;Ishimoto;8100
French Riviera;Hotel Suite;Ishimoto;11340
French Riviera;Hotel Suite;Ishimoto;9720
French Riviera;Hotel Suite;Ishimoto;3240
French Riviera;Poolside Bar;Ishimoto;1920
French Riviera;Poolside Bar;Ishimoto;2400
French Riviera;Poolside Bar;Ishimoto;1920
French Riviera;Poolside Bar;Ishimoto;1680
French Riviera;Poolside Bar;Ishimoto;1920
French Riviera;Poolside Bar;Ishimoto;2400
French Riviera;Poolside Bar;Ishimoto;1920
French Riviera;Poolside Bar;Ishimoto;1440
French Riviera;Poolside Bar;Ishimoto;1920
French Riviera;Poolside Bar;Ishimoto;2400
French Riviera;Poolside Bar;Ishimoto;1920
French Riviera;Poolside Bar;Ishimoto;1440
French Riviera;Excursion;Ishimoto;4900
French Riviera;Excursion;Ishimoto;7000
French Riviera;Excursion;Ishimoto;5600
French Riviera;Excursion;Ishimoto;2450
French Riviera;Excursion;Ishimoto;5600
French Riviera;Excursion;Ishimoto;7000
French Riviera;Excursion;Ishimoto;5600
French Riviera;Excursion;Ishimoto;2100
French Riviera;Excursion;Ishimoto;4900
French Riviera;Excursion;Ishimoto;6125
French Riviera;Excursion;Ishimoto;4900
French Riviera;Excursion;Ishimoto;2100
Bahamas Beach;Bungalow;Ishimoto;3200
Bahamas Beach;Bungalow;Ishimoto;3200
Bahamas Beach;Bungalow;Ishimoto;3200
Bahamas Beach;Bungalow;Ishimoto;3840
Bahamas Beach;Bungalow;Ishimoto;3840
Bahamas Beach;Bungalow;Ishimoto;3840
Bahamas Beach;Bungalow;Ishimoto;2560
Bahamas Beach;Bungalow;Ishimoto;3200
Bahamas Beach;Bungalow;Ishimoto;6720
Bahamas Beach;Bungalow;Ishimoto;3200
Bahamas Beach;Bungalow;Ishimoto;5600
Bahamas Beach;Hotel Room;Lingyuan;5376
Bahamas Beach;Hotel Suite;Ishimoto;8760
Bahamas Beach;Hotel Suite;Ishimoto;10512
Bahamas Beach;Hotel Suite;Ishimoto;8176
Bahamas Beach;Hotel Suite;Ishimoto;10512
Bahamas Beach;Hotel Suite;Ishimoto;12264
Bahamas Beach;Hotel Suite;Ishimoto;10512
Bahamas Beach;Hotel Suite;Ishimoto;8176
Bahamas Beach;Hotel Suite;Ishimoto;8176
Bahamas Beach;Hotel Suite;Ishimoto;10512
Bahamas Beach;Hotel Suite;Ishimoto;7008
Bahamas Beach;Hotel Suite;Ishimoto;5840
Bahamas Beach;Poolside Bar;Ishimoto;1360
Bahamas Beach;Poolside Bar;Ishimoto;1360
Bahamas Beach;Poolside Bar;Ishimoto;2040
Bahamas Beach;Poolside Bar;Ishimoto;1360
Bahamas Beach;Poolside Bar;Ishimoto;1360
Bahamas Beach;Poolside Bar;Ishimoto;1360
Bahamas Beach;Poolside Bar;Ishimoto;2380
Bahamas Beach;Poolside Bar;Ishimoto;1360
Bahamas Beach;Poolside Bar;Ishimoto;1360
Bahamas Beach;Poolside Bar;Ishimoto;1700
Bahamas Beach;Poolside Bar;Ishimoto;1360
Bahamas Beach;Restaurant;Lingyuan;2660
Bahamas Beach;Excursion;Ishimoto;1200
Bahamas Beach;Excursion;Ishimoto;1500
Bahamas Beach;Excursion;Ishimoto;1600
Bahamas Beach;Excursion;Ishimoto;1800
Bahamas Beach;Excursion;Ishimoto;1800
Bahamas Beach;Excursion;Ishimoto;1800
Bahamas Beach;Excursion;Ishimoto;2800
Bahamas Beach;Excursion;Ishimoto;1500
Bahamas Beach;Excursion;Ishimoto;1800
Bahamas Beach;Excursion;Ishimoto;1500
Bahamas Beach;Excursion;Ishimoto;3200
Hawaiian Club;Bungalow;Ishimoto;6000
Hawaiian Club;Bungalow;Ishimoto;4500
Hawaiian Club;Bungalow;Ishimoto;6000
Hawaiian Club;Bungalow;Ishimoto;2400
Hawaiian Club;Bungalow;Ishimoto;5400
Hawaiian Club;Bungalow;Ishimoto;4500
Hawaiian Club;Bungalow;Ishimoto;6000
Hawaiian Club;Bungalow;Ishimoto;3000
Hawaiian Club;Bungalow;Ishimoto;6000
Hawaiian Club;Bungalow;Ishimoto;4500
Hawaiian Club;Bungalow;Ishimoto;6000
Hawaiian Club;Bungalow;Ishimoto;2400
Hawaiian Club;Hotel Suite;Ishimoto;10620
Hawaiian Club;Hotel Suite;Ishimoto;8850
Hawaiian Club;Hotel Suite;Ishimoto;10620
Hawaiian Club;Hotel Suite;Ishimoto;10620
Hawaiian Club;Hotel Suite;Ishimoto;12390
Hawaiian Club;Hotel Suite;Ishimoto;10620
Hawaiian Club;Hotel Suite;Ishimoto;12390
Hawaiian Club;Hotel Suite;Ishimoto;10620
Hawaiian Club;Hotel Suite;Ishimoto;10620
Hawaiian Club;Hotel Suite;Ishimoto;8850
Hawaiian Club;Hotel Suite;Ishimoto;10620
Hawaiian Club;Hotel Suite;Ishimoto;10620
Hawaiian Club;Poolside Bar;Ishimoto;1280
Hawaiian Club;Poolside Bar;Ishimoto;960
Hawaiian Club;Poolside Bar;Ishimoto;1280
Hawaiian Club;Poolside Bar;Ishimoto;1280
Hawaiian Club;Poolside Bar;Ishimoto;1920
Hawaiian Club;Poolside Bar;Ishimoto;1600
Hawaiian Club;Poolside Bar;Ishimoto;1920
Hawaiian Club;Poolside Bar;Ishimoto;1280
Hawaiian Club;Poolside Bar;Ishimoto;1280
Hawaiian Club;Poolside Bar;Ishimoto;960
Hawaiian Club;Poolside Bar;Ishimoto;1280
Hawaiian Club;Poolside Bar;Ishimoto;1280
Hawaiian Club;Excursion;Ishimoto;4000
Hawaiian Club;Excursion;Ishimoto;3000
Hawaiian Club;Excursion;Ishimoto;4000
Hawaiian Club;Excursion;Ishimoto;1600
Hawaiian Club;Excursion;Ishimoto;3600
Hawaiian Club;Excursion;Ishimoto;3000
Hawaiian Club;Excursion;Ishimoto;4000
Hawaiian Club;Excursion;Ishimoto;2000
Hawaiian Club;Excursion;Ishimoto;4000
Hawaiian Club;Excursion;Ishimoto;3000
Hawaiian Club;Excursion;Ishimoto;4000
Hawaiian Club;Excursion;Ishimoto;1600
French Riviera;Hotel Room;Lingyuan;3570
French Riviera;Hotel Room;Lingyuan;4760
French Riviera;Hotel Room;Lingyuan;4080
French Riviera;Hotel Room;Lingyuan;6120
French Riviera;Hotel Room;Lingyuan;2040
French Riviera;Hotel Room;Lingyuan;3060
French Riviera;Hotel Room;Lingyuan;2720
French Riviera;Hotel Room;Lingyuan;6120
French Riviera;Hotel Room;Lingyuan;2040
French Riviera;Hotel Room;Lingyuan;3060
French Riviera;Hotel Room;Lingyuan;3060
French Riviera;Hotel Room;Lingyuan;5100
French Riviera;Restaurant;Lingyuan;1785
French Riviera;Restaurant;Lingyuan;2380
French Riviera;Restaurant;Lingyuan;1785
French Riviera;Restaurant;Lingyuan;1360
French Riviera;Restaurant;Lingyuan;1020
French Riviera;Restaurant;Lingyuan;1530
French Riviera;Restaurant;Lingyuan;1020
French Riviera;Restaurant;Lingyuan;1360
French Riviera;Restaurant;Lingyuan;1020
French Riviera;Restaurant;Lingyuan;1530
French Riviera;Restaurant;Lingyuan;1020
French Riviera;Restaurant;Lingyuan;1360
Bahamas Beach;Hotel Room;Lingyuan;5376
Bahamas Beach;Hotel Room;Lingyuan;5376
Bahamas Beach;Hotel Room;Lingyuan;4608
Bahamas Beach;Hotel Room;Lingyuan;5376
Bahamas Beach;Hotel Room;Lingyuan;5376
Bahamas Beach;Hotel Room;Lingyuan;5376
Bahamas Beach;Hotel Room;Lingyuan;4608
Bahamas Beach;Hotel Room;Lingyuan;4608
Bahamas Beach;Hotel Room;Lingyuan;4608
Bahamas Beach;Hotel Room;Lingyuan;4608
Bahamas Beach;Hotel Room;Lingyuan;4608
Bahamas Beach;Restaurant;Lingyuan;2660
Bahamas Beach;Restaurant;Lingyuan;3040
Bahamas Beach;Restaurant;Lingyuan;1520
Bahamas Beach;Restaurant;Lingyuan;2660
Bahamas Beach;Restaurant;Lingyuan;2660
Bahamas Beach;Restaurant;Lingyuan;2660
Bahamas Beach;Restaurant;Lingyuan;1900
Bahamas Beach;Restaurant;Lingyuan;1900
Bahamas Beach;Restaurant;Lingyuan;2660
Bahamas Beach;Restaurant;Lingyuan;2660
Bahamas Beach;Restaurant;Lingyuan;1520
Hawaiian Club;Hotel Room;Lingyuan;7800
Hawaiian Club;Hotel Room;Lingyuan;9360
Hawaiian Club;Hotel Room;Lingyuan;11700
Hawaiian Club;Hotel Room;Lingyuan;11700
Hawaiian Club;Hotel Room;Lingyuan;11700
Hawaiian Club;Hotel Room;Lingyuan;9360
Hawaiian Club;Hotel Room;Lingyuan;11700
Hawaiian Club;Hotel Room;Lingyuan;11700
Hawaiian Club;Hotel Room;Lingyuan;9360
Hawaiian Club;Hotel Room;Lingyuan;9360
Hawaiian Club;Hotel Room;Lingyuan;11700
Hawaiian Club;Hotel Room;Lingyuan;7800
Hawaiian Club;Restaurant;Lingyuan;4500
Hawaiian Club;Restaurant;Lingyuan;7200
Hawaiian Club;Restaurant;Lingyuan;9000
Hawaiian Club;Restaurant;Lingyuan;9000
Hawaiian Club;Restaurant;Lingyuan;9000
Hawaiian Club;Restaurant;Lingyuan;7200
Hawaiian Club;Restaurant;Yannick;9000
Hawaiian Club;Restaurant;Yannick;9000
Hawaiian Club;Restaurant;Yannick;7200
Hawaiian Club;Restaurant;Yannick;7200
Hawaiian Club;Restaurant;Yannick;9000
Hawaiian Club;Restaurant;Yannick;6000
Bahamas Beach;Hotel Suite;Yannick;10512
Bahamas Beach;Poolside Bar;Yannick;1360
Bahamas Beach;Restaurant;Yannick;2850
Bahamas Beach;Restaurant;Yannick;1900
Bahamas Beach;Restaurant;Yannick;1140
Bahamas Beach;Restaurant;Yannick;2850
Bahamas Beach;Restaurant;Yannick;3990
Bahamas Beach;Restaurant;Yannick;3990
Bahamas Beach;Bungalow;Nagata;3200
Bahamas Beach;Excursion;Nagata;1500
Australian Reef;Hotel Room;Schmidt;3250
Australian Reef;Hotel Suite;Schmidt;1160
Sydney Arborigen Resort;Hotel Room;Schmidt;6800
Sydney Arborigen Resort;Hotel Suite;Schmidt;20280
Sydney Arborigen Resort;Hotel Suite;Schmidt;5850
Sydney Arborigen Resort;Activities;Schmidt;3960
Sydney Arborigen Resort;Car Rent;Schmidt;1800
Sydney Arborigen Resort;Travel Reservation;Schmidt;7020
Sydney Arborigen Resort;Travel Reservation;Schmidt;3600
Sydney Arborigen Resort;Travel Reservation;Schmidt;1620
Sydney Millenium Beach;Bungalow;Schmidt;7500
Sydney Millenium Beach;Hotel Room;Schmidt;5000
Sydney Millenium Beach;Hotel Suite;Schmidt;260
Sydney Millenium Beach;Hotel Suite;Schmidt;7280
Sydney Millenium Beach;Fast Food;Schmidt;1600
Sydney Millenium Beach;Poolside Bar;Schmidt;124
Sydney Millenium Beach;Restaurant;Schmidt;150
Sydney Millenium Beach;Excursion;Schmidt;10000
Sydney Millenium Beach;Excursion;Schmidt;3000
Sydney Millenium Beach;Sports;Schmidt;6125
Sydney Millenium Beach;Car Rent;Schmidt;200
Sydney Millenium Beach;Travel Reservation;Schmidt;600
Sydney Millenium Beach;Travel Reservation;Schmidt;2400
Annapurna Resort;Hotel Room;Schmidt;1380
Annapurna Resort;Hotel Suite;Schmidt;2100
Annapurna Resort;Hotel Suite;Schmidt;900
Annapurna Resort;Restaurant;Schmidt;200
Annapurna Resort;Excursion;Schmidt;1260
Annapurna Resort;Sports;Schmidt;450
Annapurna Resort;Car Rent;Schmidt;900
Annapurna Resort;Travel Reservation;Schmidt;680
Everest Tibetian Resort;Bungalow;Schmidt;2250
Royal Caribbean;Hotel Room;Schmidt;11250
Royal Caribbean;Hotel Room;Schmidt;3750
Royal Caribbean;Hotel Suite;Schmidt;2040
Royal Caribbean;Hotel Suite;Schmidt;4080
Royal Caribbean;Hotel Suite;Schmidt;680
Royal Caribbean;Fast Food;Schmidt;285
Royal Caribbean;Fast Food;Schmidt;190
Royal Caribbean;Poolside Bar;Schmidt;282
Royal Caribbean;Poolside Bar;Schmidt;1269
Royal Caribbean;Poolside Bar;Schmidt;282
Royal Caribbean;Restaurant;Schmidt;480
Royal Caribbean;Activities;Schmidt;450
Royal Caribbean;Activities;Schmidt;5400
Royal Caribbean;Excursion;Schmidt;1194
Royal Caribbean;Excursion;Schmidt;398
Royal Caribbean;Sports;Schmidt;4250
Royal Caribbean;Sports;Schmidt;340
Royal Caribbean;Car Rent;Schmidt;840
Royal Caribbean;Travel Reservation;Schmidt;1350
Australian Reef;Hotel Suite;Yannick;1160
Sydney Arborigen Resort;Bungalow;Yannick;768
Sydney Arborigen Resort;Bungalow;Yannick;1920
Sydney Arborigen Resort;Hotel Room;Yannick;13600
Sydney Arborigen Resort;Hotel Room;Yannick;9520
Sydney Arborigen Resort;Hotel Suite;Yannick;390
Sydney Arborigen Resort;Poolside Bar;Yannick;119
Sydney Arborigen Resort;Poolside Bar;Yannick;3332
Sydney Arborigen Resort;Excursion;Yannick;5040
Sydney Arborigen Resort;Excursion;Yannick;630
Sydney Arborigen Resort;Excursion;Yannick;210
Sydney Arborigen Resort;Excursion;Yannick;5880
Sydney Arborigen Resort;Sports;Yannick;200
Sydney Arborigen Resort;Car Rent;Yannick;480
Sydney Arborigen Resort;Travel Reservation;Yannick;180
Sydney Millenium Beach;Bungalow;Yannick;1650
Sydney Millenium Beach;Bungalow;Yannick;1800
Sydney Millenium Beach;Bungalow;Yannick;7800
Sydney Millenium Beach;Hotel Room;Yannick;11200
Sydney Millenium Beach;Hotel Room;Yannick;7000
Sydney Millenium Beach;Hotel Room;Yannick;6600
Sydney Millenium Beach;Hotel Room;Yannick;3000
Sydney Millenium Beach;Hotel Room;Yannick;4000
Sydney Millenium Beach;Hotel Room;Yannick;3200
Sydney Millenium Beach;Hotel Suite;Yannick;2080
Sydney Millenium Beach;Hotel Suite;Yannick;14300
Sydney Millenium Beach;Hotel Suite;Yannick;9360
Sydney Millenium Beach;Fast Food;Yannick;640
Sydney Millenium Beach;Poolside Bar;Yannick;1364
Sydney Millenium Beach;Poolside Bar;Yannick;992
Sydney Millenium Beach;Poolside Bar;Yannick;2976
Sydney Millenium Beach;Poolside Bar;Yannick;620
Sydney Millenium Beach;Poolside Bar;Yannick;868
Sydney Millenium Beach;Restaurant;Yannick;1350
Sydney Millenium Beach;Restaurant;Yannick;1050
Sydney Millenium Beach;Restaurant;Yannick;2100
Sydney Millenium Beach;Activities;Yannick;720
Sydney Millenium Beach;Activities;Yannick;1440
Sydney Millenium Beach;Activities;Yannick;1200
Sydney Millenium Beach;Excursion;Yannick;1750
Sydney Millenium Beach;Excursion;Yannick;1000
Sydney Millenium Beach;Sports;Yannick;1400
Sydney Millenium Beach;Sports;Yannick;6300
Sydney Millenium Beach;Sports;Yannick;875
Sydney Millenium Beach;Sports;Yannick;2800
Sydney Millenium Beach;Car Rent;Yannick;2800
Sydney Millenium Beach;Car Rent;Yannick;2000
Sydney Millenium Beach;Car Rent;Yannick;1600
Sydney Millenium Beach;Car Rent;Yannick;3200
Sydney Millenium Beach;Travel Reservation;Yannick;600
Sydney Millenium Beach;Travel Reservation;Yannick;480
Annapurna Resort;Bungalow;Yannick;202
Annapurna Resort;Bungalow;Yannick;3535
Annapurna Resort;Hotel Room;Yannick;8970
Annapurna Resort;Hotel Room;Yannick;1840
Annapurna Resort;Hotel Room;Yannick;12880
Annapurna Resort;Hotel Room;Yannick;8970
Annapurna Resort;Hotel Suite;Yannick;9000
Annapurna Resort;Hotel Suite;Yannick;600
Annapurna Resort;Fast Food;Yannick;720
Annapurna Resort;Fast Food;Yannick;180
Annapurna Resort;Fast Food;Yannick;1620
Annapurna Resort;Fast Food;Yannick;2700
Annapurna Resort;Poolside Bar;Yannick;1694
Annapurna Resort;Poolside Bar;Yannick;242
Annapurna Resort;Restaurant;Yannick;300
Annapurna Resort;Restaurant;Yannick;200
Annapurna Resort;Restaurant;Yannick;800
Annapurna Resort;Activities;Yannick;400
Annapurna Resort;Excursion;Yannick;360
Annapurna Resort;Sports;Yannick;8400
Annapurna Resort;Sports;Yannick;300
Annapurna Resort;Sports;Yannick;3150
Annapurna Resort;Car Rent;Yannick;450
Annapurna Resort;Car Rent;Yannick;1050
Annapurna Resort;Car Rent;Yannick;300
Annapurna Resort;Travel Reservation;Yannick;3400
Annapurna Resort;Travel Reservation;Yannick;340
Annapurna Resort;Travel Reservation;Yannick;6630
Everest Tibetian Resort;Bungalow;Yannick;2400
Everest Tibetian Resort;Bungalow;Yannick;4950
Everest Tibetian Resort;Hotel Room;Yannick;6960
Everest Tibetian Resort;Hotel Room;Yannick;14500
Everest Tibetian Resort;Hotel Suite;Yannick;23010
Everest Tibetian Resort;Hotel Suite;Yannick;354
Everest Tibetian Resort;Restaurant;Yannick;2880
Everest Tibetian Resort;Restaurant;Yannick;960
Everest Tibetian Resort;Activities;Yannick;5600
Everest Tibetian Resort;Activities;Yannick;200
Everest Tibetian Resort;Excursion;Yannick;230
Everest Tibetian Resort;Sports;Yannick;2520
Everest Tibetian Resort;Sports;Yannick;1800
Everest Tibetian Resort;Car Rent;Yannick;4320
Everest Tibetian Resort;Car Rent;Yannick;1620
Everest Tibetian Resort;Car Rent;Yannick;180
Everest Tibetian Resort;Travel Reservation;Yannick;2530
Everest Tibetian Resort;Travel Reservation;Yannick;460
Everest Tibetian Resort;Travel Reservation;Yannick;1840
Royal Caribbean;Hotel Suite;Yannick;1360
Royal Caribbean;Hotel Suite;Yannick;2040
Royal Caribbean;Restaurant;Yannick;480
Royal Caribbean;Activities;Yannick;600
Royal Caribbean;Excursion;Yannick;796
Royal Caribbean;Excursion;Yannick;1194
Royal Caribbean;Sports;Yannick;680
Royal Caribbean;Sports;Yannick;680
Royal Caribbean;Car Rent;Yannick;560
Australian Reef;Bungalow;Schmidt;6000
Australian Reef;Bungalow;Schmidt;7200
Australian Reef;Bungalow;Schmidt;4800
Australian Reef;Bungalow;Yannick;5280
Australian Reef;Hotel Room;Schmidt;1750
Australian Reef;Hotel Suite;Schmidt;20300
Australian Reef;Hotel Suite;Schmidt;4060
Australian Reef;Hotel Suite;Yannick;2900
Australian Reef;Hotel Suite;Yannick;11600
Australian Reef;Hotel Suite;Yannick;13050
Australian Reef;Hotel Suite;Yannick;7830
Australian Reef;Hotel Suite;Yannick;13050
Sydney Arborigen Resort;Hotel Room;Schmidt;2720
Sydney Arborigen Resort;Hotel Suite;Schmidt;17550
Sydney Arborigen Resort;Hotel Suite;Schmidt;20280
Sydney Arborigen Resort;Hotel Suite;Yannick;780
Sydney Arborigen Resort;Poolside Bar;Schmidt;2142
Sydney Arborigen Resort;Poolside Bar;Schmidt;952
Sydney Arborigen Resort;Activities;Schmidt;660
Sydney Arborigen Resort;Excursion;Schmidt;1890
Sydney Arborigen Resort;Sports;Schmidt;5400
Sydney Arborigen Resort;Sports;Schmidt;800
Sydney Arborigen Resort;Car Rent;Schmidt;960
Sydney Millenium Beach;Bungalow;Schmidt;6750
Sydney Millenium Beach;Bungalow;Yannick;1950
Sydney Millenium Beach;Bungalow;Yannick;900
Sydney Millenium Beach;Hotel Room;Yannick;7200
Sydney Millenium Beach;Fast Food;Yannick;560
Sydney Millenium Beach;Fast Food;Yannick;160
Sydney Millenium Beach;Poolside Bar;Schmidt;1116
Sydney Millenium Beach;Restaurant;Schmidt;4050
Sydney Millenium Beach;Restaurant;Yannick;900
Sydney Millenium Beach;Excursion;Schmidt;9000
Sydney Millenium Beach;Sports;Yannick;875
Sydney Millenium Beach;Car Rent;Schmidt;5400
Sydney Millenium Beach;Car Rent;Yannick;1800
Sydney Millenium Beach;Car Rent;Yannick;200
Sydney Millenium Beach;Travel Reservation;Yannick;720
Annapurna Resort;Bungalow;Schmidt;404
Annapurna Resort;Bungalow;Schmidt;2626
Annapurna Resort;Hotel Room;Schmidt;7590
Annapurna Resort;Hotel Room;Yannick;3220
Annapurna Resort;Hotel Suite;Schmidt;9600
Annapurna Resort;Hotel Suite;Yannick;8400
Annapurna Resort;Hotel Suite;Yannick;19500
Annapurna Resort;Hotel Suite;Yannick;10800
Annapurna Resort;Fast Food;Schmidt;990
Annapurna Resort;Poolside Bar;Schmidt;1936
Annapurna Resort;Poolside Bar;Yannick;1210
Annapurna Resort;Activities;Schmidt;400
Annapurna Resort;Activities;Schmidt;2800
Annapurna Resort;Activities;Schmidt;2400
Annapurna Resort;Activities;Yannick;1800
Annapurna Resort;Excursion;Schmidt;5760
Annapurna Resort;Excursion;Yannick;6480
Annapurna Resort;Sports;Schmidt;3600
Annapurna Resort;Sports;Schmidt;1800
Annapurna Resort;Sports;Yannick;1800
Annapurna Resort;Car Rent;Yannick;750
Annapurna Resort;Travel Reservation;Schmidt;2720
Annapurna Resort;Travel Reservation;Yannick;340
Everest Tibetian Resort;Bungalow;Schmidt;900
Everest Tibetian Resort;Hotel Room;Schmidt;1740
Everest Tibetian Resort;Hotel Room;Schmidt;7250
Everest Tibetian Resort;Hotel Room;Yannick;6960
Everest Tibetian Resort;Hotel Room;Yannick;13920
Everest Tibetian Resort;Hotel Room;Yannick;2900
Everest Tibetian Resort;Hotel Suite;Yannick;4956
Everest Tibetian Resort;Poolside Bar;Schmidt;513
Everest Tibetian Resort;Restaurant;Yannick;2640
Everest Tibetian Resort;Activities;Schmidt;400
Everest Tibetian Resort;Activities;Yannick;2600
Everest Tibetian Resort;Activities;Yannick;2000
Everest Tibetian Resort;Excursion;Schmidt;1380
Everest Tibetian Resort;Excursion;Schmidt;5750
Everest Tibetian Resort;Sports;Schmidt;1080
Everest Tibetian Resort;Sports;Yannick;1800
Everest Tibetian Resort;Car Rent;Yannick;3960
Everest Tibetian Resort;Travel Reservation;Schmidt;690
Everest Tibetian Resort;Travel Reservation;Yannick;1150
Royal Caribbean;Bungalow;Schmidt;3640
Royal Caribbean;Bungalow;Schmidt;2520
Royal Caribbean;Bungalow;Yannick;4200
Royal Caribbean;Hotel Room;Schmidt;10000
Royal Caribbean;Hotel Suite;Yannick;4760
Royal Caribbean;Fast Food;Schmidt;1710
Royal Caribbean;Fast Food;Yannick;285
Royal Caribbean;Restaurant;Schmidt;640
Royal Caribbean;Restaurant;Yannick;1680
Royal Caribbean;Restaurant;Yannick;320
Royal Caribbean;Excursion;Schmidt;1990
Royal Caribbean;Excursion;Schmidt;1592
Royal Caribbean;Excursion;Yannick;3184
Royal Caribbean;Excursion;Yannick;1592
Royal Caribbean;Sports;Schmidt;2720
Royal Caribbean;Car Rent;Schmidt;3360
Royal Caribbean;Travel Reservation;Yannick;4500
Australian Reef;Bungalow;Schmidt;2880
Australian Reef;Bungalow;Schmidt;2520
Australian Reef;Hotel Room;Schmidt;1500
Sydney Arborigen Resort;Hotel Room;Schmidt;3400
Sydney Arborigen Resort;Hotel Suite;Schmidt;3510
Sydney Arborigen Resort;Fast Food;Schmidt;210
Sydney Arborigen Resort;Poolside Bar;Schmidt;714
Sydney Arborigen Resort;Sports;Schmidt;400
Sydney Arborigen Resort;Car Rent;Schmidt;480
Sydney Arborigen Resort;Travel Reservation;Schmidt;1440
Sydney Millenium Beach;Bungalow;Schmidt;2100
Sydney Millenium Beach;Bungalow;Schmidt;1200
Sydney Millenium Beach;Hotel Room;Schmidt;2000
Sydney Millenium Beach;Poolside Bar;Schmidt;248
Sydney Millenium Beach;Poolside Bar;Schmidt;496
Sydney Millenium Beach;Activities;Schmidt;240
Annapurna Resort;Bungalow;Schmidt;2828
Annapurna Resort;Bungalow;Schmidt;1818
Annapurna Resort;Hotel Room;Schmidt;3680
Annapurna Resort;Hotel Suite;Schmidt;14400
Annapurna Resort;Fast Food;Schmidt;1440
Annapurna Resort;Activities;Schmidt;800
Annapurna Resort;Sports;Schmidt;4200
Annapurna Resort;Car Rent;Schmidt;2400
Annapurna Resort;Car Rent;Schmidt;1050
Annapurna Resort;Travel Reservation;Schmidt;510
Annapurna Resort;Travel Reservation;Schmidt;1360
Everest Tibetian Resort;Bungalow;Schmidt;4500
Everest Tibetian Resort;Hotel Room;Schmidt;2900
Everest Tibetian Resort;Hotel Suite;Schmidt;23010
Everest Tibetian Resort;Fast Food;Schmidt;3200
Everest Tibetian Resort;Restaurant;Schmidt;480
Everest Tibetian Resort;Activities;Schmidt;10400
Everest Tibetian Resort;Sports;Schmidt;540
Royal Caribbean;Bungalow;Schmidt;9100
Royal Caribbean;Hotel Room;Schmidt;2000
Royal Caribbean;Hotel Room;Schmidt;7500
Royal Caribbean;Hotel Suite;Schmidt;8160
Royal Caribbean;Hotel Suite;Schmidt;17000
Royal Caribbean;Fast Food;Schmidt;475
Royal Caribbean;Poolside Bar;Schmidt;1128
Royal Caribbean;Poolside Bar;Schmidt;3807
Royal Caribbean;Restaurant;Schmidt;1280
Royal Caribbean;Activities;Schmidt;4500
Royal Caribbean;Activities;Schmidt;900
Royal Caribbean;Activities;Schmidt;3000
Royal Caribbean;Excursion;Schmidt;3980
Royal Caribbean;Car Rent;Schmidt;1120
Royal Caribbean;Car Rent;Schmidt;1400
Royal Caribbean;Car Rent;Schmidt;1680
Royal Caribbean;Car Rent;Schmidt;5600
Royal Caribbean;Travel Reservation;Schmidt;8250
Royal Caribbean;Travel Reservation;Schmidt;7500
Australian Reef;Bungalow;Schmidt;1680
Australian Reef;Bungalow;Schmidt;4320
Australian Reef;Hotel Room;Yannick;11000
Australian Reef;Hotel Room;Yannick;3750
Australian Reef;Hotel Suite;Schmidt;6960
Australian Reef;Hotel Suite;Yannick;4350
Sydney Arborigen Resort;Bungalow;Schmidt;11520
Sydney Arborigen Resort;Hotel Room;Schmidt;13600
Sydney Arborigen Resort;Hotel Suite;Schmidt;13650
Sydney Arborigen Resort;Hotel Suite;Yannick;14040
Sydney Arborigen Resort;Fast Food;Schmidt;2450
Sydney Arborigen Resort;Poolside Bar;Schmidt;1190
Sydney Arborigen Resort;Activities;Schmidt;9900
Sydney Arborigen Resort;Activities;Schmidt;1650
Sydney Arborigen Resort;Excursion;Yannick;3780
Sydney Arborigen Resort;Sports;Schmidt;7000
Sydney Arborigen Resort;Car Rent;Schmidt;1200
Sydney Arborigen Resort;Car Rent;Schmidt;1680
Sydney Arborigen Resort;Travel Reservation;Yannick;2160
Sydney Millenium Beach;Bungalow;Schmidt;1500
Sydney Millenium Beach;Bungalow;Schmidt;5400
Sydney Millenium Beach;Hotel Room;Schmidt;10000
Sydney Millenium Beach;Hotel Room;Schmidt;600
Sydney Millenium Beach;Hotel Suite;Schmidt;3640
Sydney Millenium Beach;Hotel Suite;Schmidt;13520
Sydney Millenium Beach;Hotel Suite;Yannick;5200
Sydney Millenium Beach;Hotel Suite;Yannick;13520
Sydney Millenium Beach;Poolside Bar;Schmidt;868
Sydney Millenium Beach;Poolside Bar;Schmidt;372
Sydney Millenium Beach;Restaurant;Yannick;150
Sydney Millenium Beach;Activities;Yannick;1200
Sydney Millenium Beach;Activities;Yannick;3840
Sydney Millenium Beach;Excursion;Yannick;1500
Sydney Millenium Beach;Sports;Schmidt;4725
Sydney Millenium Beach;Car Rent;Yannick;1000
Sydney Millenium Beach;Travel Reservation;Schmidt;240
Annapurna Resort;Bungalow;Schmidt;1313
Annapurna Resort;Bungalow;Yannick;303
Annapurna Resort;Hotel Room;Schmidt;920
Annapurna Resort;Hotel Room;Schmidt;4830
Annapurna Resort;Hotel Room;Schmidt;2760
Annapurna Resort;Hotel Room;Yannick;5750
Annapurna Resort;Hotel Suite;Schmidt;2400
Annapurna Resort;Hotel Suite;Schmidt;16500
Annapurna Resort;Hotel Suite;Yannick;3000
Annapurna Resort;Fast Food;Schmidt;360
Annapurna Resort;Poolside Bar;Yannick;605
Annapurna Resort;Restaurant;Schmidt;300
Annapurna Resort;Restaurant;Schmidt;2100
Annapurna Resort;Restaurant;Schmidt;100
Annapurna Resort;Restaurant;Yannick;300
Annapurna Resort;Activities;Schmidt;200
Annapurna Resort;Activities;Schmidt;1000
Annapurna Resort;Excursion;Schmidt;1080
Annapurna Resort;Excursion;Schmidt;2700
Annapurna Resort;Excursion;Schmidt;3780
Annapurna Resort;Excursion;Yannick;1800
Annapurna Resort;Sports;Schmidt;600
Annapurna Resort;Sports;Schmidt;1350
Annapurna Resort;Sports;Yannick;1500
Annapurna Resort;Car Rent;Schmidt;1200
Annapurna Resort;Car Rent;Schmidt;450
Annapurna Resort;Travel Reservation;Schmidt;7480
Annapurna Resort;Travel Reservation;Yannick;1700
Everest Tibetian Resort;Bungalow;Schmidt;450
Everest Tibetian Resort;Hotel Room;Schmidt;13050
Everest Tibetian Resort;Hotel Room;Yannick;14500
Everest Tibetian Resort;Hotel Room;Yannick;4350
Everest Tibetian Resort;Hotel Suite;Schmidt;4248
Everest Tibetian Resort;Hotel Suite;Yannick;3540
Everest Tibetian Resort;Poolside Bar;Schmidt;171
Everest Tibetian Resort;Poolside Bar;Schmidt;684
Everest Tibetian Resort;Restaurant;Schmidt;1080
Everest Tibetian Resort;Restaurant;Yannick;600
Everest Tibetian Resort;Activities;Schmidt;1400
Everest Tibetian Resort;Activities;Schmidt;5400
Everest Tibetian Resort;Excursion;Schmidt;1840
Everest Tibetian Resort;Sports;Schmidt;360
Everest Tibetian Resort;Sports;Yannick;720
Everest Tibetian Resort;Sports;Yannick;2700
Everest Tibetian Resort;Car Rent;Yannick;7200
Everest Tibetian Resort;Car Rent;Yannick;1620
Everest Tibetian Resort;Travel Reservation;Yannick;575
Royal Caribbean;Hotel Room;Schmidt;10000
Royal Caribbean;Hotel Room;Schmidt;4500
Royal Caribbean;Hotel Room;Yannick;2500
Royal Caribbean;Hotel Room;Yannick;3750
Royal Caribbean;Hotel Suite;Yannick;13260
Royal Caribbean;Poolside Bar;Yannick;564
Royal Caribbean;Poolside Bar;Yannick;705
Royal Caribbean;Restaurant;Schmidt;320
Royal Caribbean;Activities;Schmidt;5250
Royal Caribbean;Excursion;Yannick;3582
Royal Caribbean;Sports;Schmidt;2720
Royal Caribbean;Sports;Yannick;680
Royal Caribbean;Car Rent;Yannick;1400
Royal Caribbean;Car Rent;Yannick;700
Royal Caribbean;Travel Reservation;Schmidt;3600
Royal Caribbean;Travel Reservation;Yannick;2250
Royal Caribbean;Travel Reservation;Yannick;1500
Royal Caribbean;Travel Reservation;Yannick;2250
Annapurna Resort;Bungalow;Yannick;36865
Annapurna Resort;Bungalow;Yannick;73730
Annapurna Resort;Bungalow;Yannick;110595
Annapurna Resort;Hotel Suite;Yannick;16800
Annapurna Resort;Restaurant;Thaï;5600
Annapurna Resort;Activities;Thaï;11200
Annapurna Resort;Excursion;Thaï;10080
Annapurna Resort;Sports;Thaï;8400
Annapurna Resort;Car Rent;Thaï;8400
Annapurna Resort;Travel Reservation;Thaï;9520
Australian Reef;Bungalow;Schmidt;3960
Australian Reef;Hotel Room;Schmidt;3250
Sydney Arborigen Resort;Bungalow;Schmidt;10752
Sydney Millenium Beach;Hotel Room;Schmidt;600
Sydney Millenium Beach;Hotel Room;Schmidt;3000
Sydney Millenium Beach;Hotel Suite;Schmidt;1040
Sydney Millenium Beach;Fast Food;Schmidt;1200
Sydney Millenium Beach;Poolside Bar;Schmidt;372
Sydney Millenium Beach;Restaurant;Schmidt;150
Sydney Millenium Beach;Activities;Schmidt;240
Sydney Millenium Beach;Excursion;Schmidt;2500
Sydney Millenium Beach;Car Rent;Schmidt;1800
Annapurna Resort;Hotel Room;Schmidt;3450
Annapurna Resort;Hotel Suite;Schmidt;3000
Annapurna Resort;Hotel Suite;Schmidt;3600
Annapurna Resort;Fast Food;Schmidt;1350
Annapurna Resort;Fast Food;Schmidt;720
Annapurna Resort;Poolside Bar;Schmidt;1815
Annapurna Resort;Restaurant;Schmidt;600
Annapurna Resort;Restaurant;Schmidt;200
Annapurna Resort;Sports;Schmidt;600
Annapurna Resort;Sports;Schmidt;1800
Annapurna Resort;Car Rent;Schmidt;1800
Annapurna Resort;Travel Reservation;Schmidt;2040
Annapurna Resort;Travel Reservation;Schmidt;1530
Everest Tibetian Resort;Bungalow;Schmidt;1800
Everest Tibetian Resort;Hotel Room;Schmidt;2900
Everest Tibetian Resort;Restaurant;Schmidt;1440
Everest Tibetian Resort;Restaurant;Schmidt;1200
Everest Tibetian Resort;Sports;Schmidt;1800
Everest Tibetian Resort;Car Rent;Schmidt;360
Everest Tibetian Resort;Travel Reservation;Schmidt;1380
Everest Tibetian Resort;Travel Reservation;Schmidt;1150
Royal Caribbean;Hotel Room;Schmidt;13750
Royal Caribbean;Hotel Room;Schmidt;2000
Royal Caribbean;Hotel Room;Schmidt;8250
Royal Caribbean;Fast Food;Schmidt;380
Royal Caribbean;Poolside Bar;Schmidt;423
Royal Caribbean;Activities;Schmidt;4950
Royal Caribbean;Excursion;Schmidt;199
Royal Caribbean;Sports;Schmidt;510
Royal Caribbean;Car Rent;Schmidt;7700
Royal Caribbean;Travel Reservation;Schmidt;1200
Royal Caribbean;Travel Reservation;Schmidt;300
Australian Reef;Bungalow;Moore;480
Australian Reef;Hotel Room;Moore;1000
Sydney Arborigen Resort;Hotel Room;Moore;2720
Sydney Arborigen Resort;Hotel Room;Moore;12240
Sydney Arborigen Resort;Hotel Suite;Moore;7020
Sydney Arborigen Resort;Poolside Bar;Moore;714
Sydney Arborigen Resort;Restaurant;Moore;1980
Sydney Arborigen Resort;Excursion;Moore;1680
Sydney Arborigen Resort;Sports;Moore;1000
Sydney Arborigen Resort;Car Rent;Moore;960
Sydney Arborigen Resort;Car Rent;Moore;3960
Sydney Arborigen Resort;Travel Reservation;Moore;720
Sydney Millenium Beach;Bungalow;Moore;2250
Sydney Millenium Beach;Hotel Room;Moore;3000
Sydney Millenium Beach;Hotel Suite;Moore;9100
Sydney Millenium Beach;Restaurant;Moore;1800
Sydney Millenium Beach;Excursion;Moore;8750
Sydney Millenium Beach;Car Rent;Moore;2800
Sydney Millenium Beach;Travel Reservation;Moore;1080
Annapurna Resort;Bungalow;Moore;4444
Annapurna Resort;Hotel Room;Moore;8050
Annapurna Resort;Hotel Suite;Moore;2700
Annapurna Resort;Poolside Bar;Moore;363
Annapurna Resort;Poolside Bar;Moore;968
Annapurna Resort;Poolside Bar;Moore;968
Annapurna Resort;Restaurant;Moore;300
Annapurna Resort;Activities;Moore;400
Annapurna Resort;Excursion;Moore;540
Annapurna Resort;Sports;Moore;1800
Annapurna Resort;Sports;Moore;1200
Annapurna Resort;Car Rent;Moore;2400
Annapurna Resort;Car Rent;Moore;300
Annapurna Resort;Travel Reservation;Moore;510
Everest Tibetian Resort;Bungalow;Moore;5250
Everest Tibetian Resort;Hotel Room;Moore;10440
Everest Tibetian Resort;Hotel Suite;Moore;7788
Everest Tibetian Resort;Restaurant;Moore;1680
Everest Tibetian Resort;Activities;Moore;1000
Everest Tibetian Resort;Sports;Moore;720
Everest Tibetian Resort;Sports;Moore;3600
Everest Tibetian Resort;Travel Reservation;Moore;2070
Royal Caribbean;Hotel Suite;Moore;2720
Royal Caribbean;Restaurant;Moore;320
Australian Reef;Bungalow;Schmidt;4320
Australian Reef;Hotel Suite;Schmidt;18850
Australian Reef;Hotel Suite;Schmidt;13920
Sydney Arborigen Resort;Bungalow;Schmidt;576
Sydney Arborigen Resort;Hotel Room;Schmidt;1360
Sydney Arborigen Resort;Hotel Room;Schmidt;18700
Sydney Arborigen Resort;Hotel Room;Thaï;4080
Sydney Arborigen Resort;Hotel Room;Thaï;6120
Sydney Arborigen Resort;Hotel Suite;Schmidt;11700
Sydney Arborigen Resort;Fast Food;Schmidt;280
Sydney Arborigen Resort;Fast Food;Schmidt;1400
Sydney Arborigen Resort;Fast Food;Thaï;560
Sydney Arborigen Resort;Restaurant;Schmidt;1980
Sydney Arborigen Resort;Restaurant;Thaï;1320
Sydney Arborigen Resort;Restaurant;Thaï;220
Sydney Arborigen Resort;Activities;Schmidt;1320
Sydney Arborigen Resort;Activities;Thaï;660
Sydney Arborigen Resort;Excursion;Schmidt;420
Sydney Arborigen Resort;Excursion;Thaï;2520
Sydney Arborigen Resort;Excursion;Thaï;3780
Sydney Arborigen Resort;Sports;Thaï;2000
Sydney Arborigen Resort;Car Rent;Schmidt;480
Sydney Arborigen Resort;Car Rent;Schmidt;3600
Sydney Arborigen Resort;Travel Reservation;Schmidt;5400
Sydney Arborigen Resort;Travel Reservation;Thaï;2160
Sydney Millenium Beach;Bungalow;Schmidt;1350
Sydney Millenium Beach;Bungalow;Schmidt;7200
Sydney Millenium Beach;Hotel Room;Thaï;9000
Sydney Millenium Beach;Hotel Suite;Thaï;6240
Sydney Millenium Beach;Fast Food;Schmidt;80
Sydney Millenium Beach;Fast Food;Thaï;1920
Sydney Millenium Beach;Poolside Bar;Schmidt;124
Sydney Millenium Beach;Restaurant;Thaï;1800
Sydney Millenium Beach;Excursion;Schmidt;2250
Sydney Millenium Beach;Excursion;Thaï;9000
Sydney Millenium Beach;Sports;Thaï;1225
Sydney Millenium Beach;Travel Reservation;Thaï;1080
Sydney Millenium Beach;Travel Reservation;Thaï;240
Annapurna Resort;Bungalow;Schmidt;4545
Annapurna Resort;Hotel Suite;Schmidt;6000
Annapurna Resort;Fast Food;Schmidt;1440
Annapurna Resort;Fast Food;Schmidt;2160
Annapurna Resort;Excursion;Schmidt;4860
Annapurna Resort;Travel Reservation;Schmidt;3400
Everest Tibetian Resort;Bungalow;Schmidt;3000
Everest Tibetian Resort;Bungalow;Schmidt;600
Everest Tibetian Resort;Hotel Room;Thaï;3480
Everest Tibetian Resort;Fast Food;Thaï;960
Everest Tibetian Resort;Activities;Thaï;400
Everest Tibetian Resort;Excursion;Schmidt;4600
Everest Tibetian Resort;Excursion;Schmidt;460
Everest Tibetian Resort;Sports;Schmidt;3240
Everest Tibetian Resort;Car Rent;Schmidt;2880
Everest Tibetian Resort;Travel Reservation;Schmidt;690
Everest Tibetian Resort;Travel Reservation;Thaï;1380
Royal Caribbean;Bungalow;Schmidt;1120
Royal Caribbean;Hotel Room;Schmidt;5000
Royal Caribbean;Hotel Room;Schmidt;4500
Royal Caribbean;Hotel Suite;Schmidt;4080
Royal Caribbean;Hotel Suite;Schmidt;4080
Royal Caribbean;Fast Food;Schmidt;1710
Royal Caribbean;Restaurant;Schmidt;640
Royal Caribbean;Activities;Schmidt;1500
Royal Caribbean;Activities;Schmidt;1200
Royal Caribbean;Excursion;Schmidt;2388
Royal Caribbean;Excursion;Schmidt;2388
Royal Caribbean;Excursion;Schmidt;2388
Royal Caribbean;Sports;Schmidt;680
Royal Caribbean;Sports;Schmidt;680
Royal Caribbean;Car Rent;Schmidt;840
Royal Caribbean;Car Rent;Schmidt;1120
Australian Reef;Bungalow;Moore;960
Australian Reef;Bungalow;Moore;600
Australian Reef;Bungalow;Schmidt;960
Australian Reef;Bungalow;Schmidt;120
Australian Reef;Hotel Suite;Moore;1740
Sydney Arborigen Resort;Bungalow;Moore;576
Sydney Arborigen Resort;Bungalow;Schmidt;1536
Sydney Arborigen Resort;Hotel Room;Schmidt;5100
Sydney Arborigen Resort;Hotel Suite;Moore;5460
Sydney Arborigen Resort;Hotel Suite;Moore;7800
Sydney Arborigen Resort;Fast Food;Moore;910
Sydney Arborigen Resort;Fast Food;Moore;1400
Sydney Arborigen Resort;Fast Food;Schmidt;420
Sydney Arborigen Resort;Activities;Moore;3630
Sydney Arborigen Resort;Excursion;Moore;210
Sydney Arborigen Resort;Excursion;Moore;4200
Sydney Arborigen Resort;Excursion;Schmidt;3150
Sydney Arborigen Resort;Sports;Moore;1400
Sydney Arborigen Resort;Sports;Schmidt;3000
Sydney Arborigen Resort;Travel Reservation;Schmidt;720
Sydney Arborigen Resort;Travel Reservation;Schmidt;720
Sydney Millenium Beach;Bungalow;Moore;5400
Sydney Millenium Beach;Bungalow;Schmidt;3600
Sydney Millenium Beach;Hotel Room;Moore;5600
Sydney Millenium Beach;Fast Food;Moore;320
Sydney Millenium Beach;Fast Food;Moore;1280
Sydney Millenium Beach;Fast Food;Schmidt;560
Sydney Millenium Beach;Poolside Bar;Moore;744
Sydney Millenium Beach;Poolside Bar;Schmidt;2232
Sydney Millenium Beach;Activities;Moore;2160
Sydney Millenium Beach;Activities;Moore;2400
Sydney Millenium Beach;Excursion;Moore;3000
Sydney Millenium Beach;Excursion;Schmidt;5500
Sydney Millenium Beach;Travel Reservation;Moore;2880
Annapurna Resort;Bungalow;Moore;3535
Annapurna Resort;Bungalow;Moore;606
Annapurna Resort;Bungalow;Moore;505
Annapurna Resort;Hotel Room;Moore;4830
Annapurna Resort;Hotel Room;Schmidt;16100
Annapurna Resort;Hotel Suite;Moore;3600
Annapurna Resort;Fast Food;Moore;540
Annapurna Resort;Restaurant;Moore;1200
Annapurna Resort;Activities;Moore;1200
Annapurna Resort;Excursion;Moore;2520
Annapurna Resort;Sports;Moore;900
Annapurna Resort;Car Rent;Moore;3600
Annapurna Resort;Travel Reservation;Moore;510
Everest Tibetian Resort;Bungalow;Moore;1350
Everest Tibetian Resort;Bungalow;Moore;2700
Everest Tibetian Resort;Bungalow;Moore;9750
Everest Tibetian Resort;Bungalow;Schmidt;9750
Everest Tibetian Resort;Bungalow;Schmidt;600
Everest Tibetian Resort;Hotel Room;Moore;20300
Everest Tibetian Resort;Hotel Room;Moore;4350
Everest Tibetian Resort;Hotel Room;Schmidt;3480
Everest Tibetian Resort;Hotel Room;Schmidt;16240
Everest Tibetian Resort;Hotel Suite;Moore;4248
Everest Tibetian Resort;Hotel Suite;Schmidt;24780
Everest Tibetian Resort;Fast Food;Moore;400
Everest Tibetian Resort;Fast Food;Moore;3120
Everest Tibetian Resort;Poolside Bar;Moore;855
Everest Tibetian Resort;Poolside Bar;Moore;1539
Everest Tibetian Resort;Restaurant;Moore;720
Everest Tibetian Resort;Restaurant;Moore;1080
Everest Tibetian Resort;Activities;Moore;1200
Everest Tibetian Resort;Excursion;Moore;5980
Everest Tibetian Resort;Excursion;Moore;1840
Everest Tibetian Resort;Sports;Moore;5040
Everest Tibetian Resort;Sports;Moore;6480
Everest Tibetian Resort;Sports;Schmidt;10080
Royal Caribbean;Bungalow;Schmidt;560
Royal Caribbean;Bungalow;Schmidt;3780
Royal Caribbean;Hotel Room;Moore;6250
Royal Caribbean;Hotel Room;Moore;1000
Royal Caribbean;Hotel Room;Moore;15000
Royal Caribbean;Hotel Room;Moore;1000
Royal Caribbean;Hotel Room;Schmidt;17500
Royal Caribbean;Fast Food;Moore;2375
Royal Caribbean;Fast Food;Moore;285
Royal Caribbean;Fast Food;Moore;665
Royal Caribbean;Fast Food;Schmidt;855
Royal Caribbean;Poolside Bar;Moore;705
Royal Caribbean;Poolside Bar;Schmidt;3807
Royal Caribbean;Restaurant;Moore;80
Royal Caribbean;Restaurant;Moore;1440
Royal Caribbean;Restaurant;Schmidt;3200
Royal Caribbean;Activities;Moore;7200
Royal Caribbean;Sports;Moore;850
Royal Caribbean;Sports;Moore;340
Royal Caribbean;Car Rent;Moore;560
Royal Caribbean;Travel Reservation;Moore;2250
Royal Caribbean;Travel Reservation;Schmidt;2700
Australian Reef;Hotel Suite;Schmidt;6380
Sydney Arborigen Resort;Hotel Room;Schmidt;2040
Sydney Arborigen Resort;Hotel Room;Schmidt;2040
Sydney Arborigen Resort;Hotel Room;Schmidt;2720
Sydney Arborigen Resort;Hotel Suite;Schmidt;7020
Sydney Arborigen Resort;Excursion;Schmidt;630
Sydney Arborigen Resort;Sports;Schmidt;600
Sydney Millenium Beach;Hotel Room;Schmidt;5400
Sydney Millenium Beach;Hotel Room;Schmidt;3200
Sydney Millenium Beach;Poolside Bar;Schmidt;372
Sydney Millenium Beach;Activities;Schmidt;960
Sydney Millenium Beach;Excursion;Schmidt;2250
Sydney Millenium Beach;Sports;Schmidt;2800
Sydney Millenium Beach;Car Rent;Schmidt;1200
Sydney Millenium Beach;Travel Reservation;Schmidt;960
Sydney Millenium Beach;Travel Reservation;Schmidt;1920
Annapurna Resort;Bungalow;Schmidt;2020
Annapurna Resort;Hotel Room;Schmidt;4140
Annapurna Resort;Fast Food;Schmidt;360
Annapurna Resort;Fast Food;Schmidt;900
Annapurna Resort;Poolside Bar;Schmidt;1452
Annapurna Resort;Excursion;Schmidt;3600
Annapurna Resort;Excursion;Schmidt;3240
Annapurna Resort;Car Rent;Schmidt;1800
Annapurna Resort;Travel Reservation;Schmidt;3060
Everest Tibetian Resort;Bungalow;Schmidt;450
Everest Tibetian Resort;Hotel Room;Schmidt;20300
Royal Caribbean;Bungalow;Schmidt;840
Royal Caribbean;Bungalow;Schmidt;3640
Royal Caribbean;Hotel Suite;Schmidt;8160
Royal Caribbean;Fast Food;Schmidt;570
Royal Caribbean;Restaurant;Schmidt;1760
Royal Caribbean;Activities;Schmidt;3600
Royal Caribbean;Excursion;Schmidt;1194
Royal Caribbean;Excursion;Schmidt;2388
Royal Caribbean;Excursion;Schmidt;398
Royal Caribbean;Sports;Schmidt;1020
Royal Caribbean;Car Rent;Schmidt;280
Royal Caribbean;Car Rent;Schmidt;1680
Australian Reef;Bungalow;Thaï;2520
Australian Reef;Hotel Suite;Thaï;20300
Sydney Arborigen Resort;Hotel Room;Thaï;15300
Sydney Arborigen Resort;Hotel Room;Thaï;2040
Sydney Arborigen Resort;Hotel Suite;Thaï;18720
Sydney Arborigen Resort;Hotel Suite;Thaï;9360
Sydney Arborigen Resort;Restaurant;Thaï;5280
Sydney Arborigen Resort;Activities;Thaï;1980
Sydney Arborigen Resort;Excursion;Thaï;630
Sydney Arborigen Resort;Sports;Thaï;800
Sydney Arborigen Resort;Car Rent;Thaï;720
Sydney Arborigen Resort;Travel Reservation;Thaï;1080
Sydney Millenium Beach;Bungalow;Thaï;450
Sydney Millenium Beach;Bungalow;Thaï;900
Sydney Millenium Beach;Bungalow;Thaï;2400
Sydney Millenium Beach;Bungalow;Thaï;1200
Sydney Millenium Beach;Bungalow;Thaï;6300
Sydney Millenium Beach;Hotel Suite;Thaï;3120
Sydney Millenium Beach;Hotel Suite;Thaï;1040
Sydney Millenium Beach;Fast Food;Thaï;1280
Sydney Millenium Beach;Fast Food;Thaï;160
Sydney Millenium Beach;Restaurant;Thaï;600
Sydney Millenium Beach;Restaurant;Thaï;2400
Sydney Millenium Beach;Restaurant;Thaï;600
Sydney Millenium Beach;Restaurant;Thaï;3600
Sydney Millenium Beach;Activities;Thaï;1440
Sydney Millenium Beach;Excursion;Thaï;500
Sydney Millenium Beach;Car Rent;Thaï;2400
Sydney Millenium Beach;Car Rent;Thaï;800
Sydney Millenium Beach;Travel Reservation;Thaï;480
Sydney Millenium Beach;Travel Reservation;Thaï;1440
Annapurna Resort;Bungalow;Thaï;2020
Annapurna Resort;Hotel Room;Thaï;2760
Annapurna Resort;Hotel Room;Thaï;12650
Annapurna Resort;Hotel Room;Thaï;2300
Annapurna Resort;Poolside Bar;Thaï;1210
Annapurna Resort;Restaurant;Thaï;1000
Annapurna Resort;Restaurant;Thaï;800
Annapurna Resort;Activities;Thaï;1200
Annapurna Resort;Activities;Thaï;1000
Annapurna Resort;Excursion;Thaï;2160
Annapurna Resort;Sports;Thaï;750
Annapurna Resort;Car Rent;Thaï;3000
Annapurna Resort;Travel Reservation;Thaï;340
Everest Tibetian Resort;Bungalow;Thaï;600
Everest Tibetian Resort;Fast Food;Thaï;160
Everest Tibetian Resort;Activities;Thaï;800
Everest Tibetian Resort;Travel Reservation;Thaï;460
Royal Caribbean;Bungalow;Thaï;560
Royal Caribbean;Hotel Room;Thaï;12500
Royal Caribbean;Hotel Room;Thaï;1500
Royal Caribbean;Hotel Suite;Thaï;5440
Royal Caribbean;Poolside Bar;Thaï;282
Royal Caribbean;Activities;Thaï;2400
Royal Caribbean;Activities;Thaï;300
Royal Caribbean;Excursion;Thaï;5970
Royal Caribbean;Sports;Thaï;2040
Royal Caribbean;Sports;Thaï;340
Royal Caribbean;Car Rent;Thaï;840
Australian Reef;Bungalow;Thaï;2880
Australian Reef;Bungalow;Thaï;1440
Australian Reef;Bungalow;Thaï;480
Australian Reef;Hotel Room;Thaï;1500
Australian Reef;Hotel Room;Thaï;16250
Australian Reef;Hotel Room;Thaï;4500
Sydney Arborigen Resort;Bungalow;Thaï;576
Sydney Arborigen Resort;Bungalow;Thaï;1920
Sydney Arborigen Resort;Hotel Room;Thaï;3400
Sydney Arborigen Resort;Hotel Suite;Thaï;13650
Sydney Arborigen Resort;Hotel Suite;Thaï;13650
Sydney Arborigen Resort;Fast Food;Thaï;140
Sydney Arborigen Resort;Fast Food;Thaï;700
Sydney Arborigen Resort;Restaurant;Thaï;3080
Sydney Arborigen Resort;Restaurant;Thaï;110
Sydney Arborigen Resort;Activities;Thaï;3300
Sydney Arborigen Resort;Excursion;Thaï;1470
Sydney Arborigen Resort;Excursion;Thaï;210
Sydney Arborigen Resort;Travel Reservation;Thaï;2160
Sydney Arborigen Resort;Travel Reservation;Thaï;180
Sydney Arborigen Resort;Travel Reservation;Thaï;1080
Sydney Millenium Beach;Bungalow;Thaï;3000
Sydney Millenium Beach;Hotel Room;Thaï;9000
Sydney Millenium Beach;Hotel Room;Thaï;4200
Sydney Millenium Beach;Fast Food;Thaï;160
Sydney Millenium Beach;Fast Food;Thaï;720
Sydney Millenium Beach;Restaurant;Thaï;1350
Sydney Millenium Beach;Activities;Thaï;720
Sydney Millenium Beach;Travel Reservation;Thaï;3240
Annapurna Resort;Bungalow;Thaï;2525
Annapurna Resort;Bungalow;Thaï;808
Annapurna Resort;Poolside Bar;Thaï;1815
Annapurna Resort;Poolside Bar;Thaï;968
Annapurna Resort;Activities;Thaï;3000
Annapurna Resort;Activities;Thaï;1600
Annapurna Resort;Sports;Thaï;2250
Annapurna Resort;Travel Reservation;Thaï;2550
Everest Tibetian Resort;Bungalow;Thaï;300
Everest Tibetian Resort;Bungalow;Thaï;9000
Everest Tibetian Resort;Hotel Room;Thaï;7540
Everest Tibetian Resort;Hotel Room;Thaï;8120
Everest Tibetian Resort;Hotel Room;Thaï;7830
Everest Tibetian Resort;Hotel Suite;Thaï;21240
Everest Tibetian Resort;Hotel Suite;Thaï;8496
Everest Tibetian Resort;Hotel Suite;Thaï;2478
Everest Tibetian Resort;Fast Food;Thaï;1760
Everest Tibetian Resort;Poolside Bar;Thaï;3420
Everest Tibetian Resort;Poolside Bar;Thaï;10260
Everest Tibetian Resort;Restaurant;Thaï;720
Everest Tibetian Resort;Activities;Thaï;1400
Everest Tibetian Resort;Excursion;Thaï;5520
Everest Tibetian Resort;Excursion;Thaï;8280
Everest Tibetian Resort;Excursion;Thaï;1610
Everest Tibetian Resort;Excursion;Thaï;6210
Everest Tibetian Resort;Travel Reservation;Thaï;3220
Everest Tibetian Resort;Travel Reservation;Thaï;1380
Everest Tibetian Resort;Travel Reservation;Thaï;690
Everest Tibetian Resort;Travel Reservation;Thaï;2070
Royal Caribbean;Bungalow;Thaï;1960
Royal Caribbean;Hotel Suite;Thaï;3400
Royal Caribbean;Hotel Suite;Thaï;3400
Royal Caribbean;Hotel Suite;Thaï;5100
Royal Caribbean;Hotel Suite;Thaï;11900
Royal Caribbean;Fast Food;Thaï;855
Royal Caribbean;Fast Food;Thaï;760
Royal Caribbean;Poolside Bar;Thaï;282
Royal Caribbean;Excursion;Thaï;1990
Royal Caribbean;Sports;Thaï;1700
Royal Caribbean;Sports;Thaï;850
Royal Caribbean;Sports;Thaï;2380
Royal Caribbean;Car Rent;Thaï;1960
Royal Caribbean;Travel Reservation;Thaï;1050
Sydney Arborigen Resort;Hotel Suite;Thaï;3510
Sydney Millenium Beach;Bungalow;Thaï;3750
Sydney Millenium Beach;Bungalow;Thaï;1650
Sydney Millenium Beach;Hotel Room;Thaï;7800
Sydney Millenium Beach;Hotel Suite;Thaï;4680
Sydney Millenium Beach;Restaurant;Thaï;300
Sydney Millenium Beach;Restaurant;Thaï;1500
Sydney Millenium Beach;Activities;Thaï;2400
Sydney Millenium Beach;Excursion;Thaï;2250
Sydney Millenium Beach;Excursion;Thaï;6250
Sydney Millenium Beach;Sports;Thaï;6825
Sydney Millenium Beach;Car Rent;Thaï;1400
Sydney Millenium Beach;Travel Reservation;Thaï;1320
Sydney Millenium Beach;Travel Reservation;Thaï;360
Sydney Millenium Beach;Travel Reservation;Thaï;120
Annapurna Resort;Bungalow;Thaï;5252
Annapurna Resort;Hotel Suite;Thaï;7500
Annapurna Resort;Fast Food;Thaï;2160
Annapurna Resort;Restaurant;Thaï;1500
Annapurna Resort;Restaurant;Thaï;600
Annapurna Resort;Activities;Thaï;7200
Annapurna Resort;Sports;Thaï;4200
Everest Tibetian Resort;Hotel Suite;Thaï;4248
Everest Tibetian Resort;Hotel Suite;Thaï;19824
Everest Tibetian Resort;Fast Food;Thaï;240
Everest Tibetian Resort;Fast Food;Thaï;3520
Everest Tibetian Resort;Poolside Bar;Thaï;2052
Everest Tibetian Resort;Activities;Thaï;1200
Everest Tibetian Resort;Activities;Thaï;200
Everest Tibetian Resort;Sports;Thaï;1080
Everest Tibetian Resort;Car Rent;Thaï;1080
Everest Tibetian Resort;Travel Reservation;Thaï;1150
Royal Caribbean;Hotel Room;Thaï;3000
Australian Reef;Hotel Room;Moore;1750
Australian Reef;Hotel Suite;Moore;2900
Sydney Arborigen Resort;Hotel Room;Moore;9180
Sydney Arborigen Resort;Hotel Room;Moore;8160
Sydney Arborigen Resort;Fast Food;Moore;420
Sydney Arborigen Resort;Poolside Bar;Moore;1666
Sydney Arborigen Resort;Restaurant;Moore;1100
Sydney Arborigen Resort;Sports;Moore;4800
Sydney Millenium Beach;Hotel Room;Moore;7000
Sydney Millenium Beach;Hotel Suite;Moore;3640
Sydney Millenium Beach;Sports;Moore;1225
Sydney Millenium Beach;Travel Reservation;Moore;1440
Annapurna Resort;Bungalow;Moore;202
Annapurna Resort;Poolside Bar;Moore;242
Annapurna Resort;Restaurant;Moore;200
Annapurna Resort;Excursion;Moore;360
Annapurna Resort;Car Rent;Moore;300
Everest Tibetian Resort;Hotel Suite;Moore;4956
Everest Tibetian Resort;Sports;Moore;2160
Australian Reef;Bungalow;Schmidt;1200
Australian Reef;Hotel Room;Moore;11000
Australian Reef;Hotel Room;Moore;3000
Australian Reef;Hotel Room;Schmidt;250
Australian Reef;Hotel Suite;Schmidt;3770
Sydney Arborigen Resort;Bungalow;Schmidt;3456
Sydney Arborigen Resort;Bungalow;Schmidt;960
Sydney Arborigen Resort;Hotel Room;Moore;2380
Sydney Arborigen Resort;Hotel Room;Moore;4420
Sydney Arborigen Resort;Hotel Room;Moore;2720
Sydney Arborigen Resort;Hotel Suite;Schmidt;7020
Sydney Arborigen Resort;Restaurant;Schmidt;440
Sydney Arborigen Resort;Activities;Moore;2640
Sydney Arborigen Resort;Activities;Schmidt;5940
Sydney Arborigen Resort;Activities;Schmidt;3300
Sydney Arborigen Resort;Excursion;Schmidt;840
Sydney Arborigen Resort;Car Rent;Moore;840
Sydney Arborigen Resort;Car Rent;Schmidt;240
Sydney Arborigen Resort;Car Rent;Schmidt;360
Sydney Arborigen Resort;Travel Reservation;Moore;1260
Sydney Arborigen Resort;Travel Reservation;Schmidt;2700
Sydney Arborigen Resort;Travel Reservation;Schmidt;900
Sydney Millenium Beach;Bungalow;Schmidt;450
Sydney Millenium Beach;Bungalow;Schmidt;2400
Sydney Millenium Beach;Bungalow;Schmidt;2250
Sydney Millenium Beach;Hotel Room;Moore;1800
Sydney Millenium Beach;Hotel Room;Schmidt;8000
Sydney Millenium Beach;Poolside Bar;Moore;1116
Sydney Millenium Beach;Poolside Bar;Schmidt;1240
Sydney Millenium Beach;Restaurant;Schmidt;1800
Sydney Millenium Beach;Activities;Schmidt;1920
Sydney Millenium Beach;Excursion;Moore;1500
Sydney Millenium Beach;Excursion;Schmidt;750
Sydney Millenium Beach;Excursion;Schmidt;5250
Sydney Millenium Beach;Sports;Schmidt;7000
Sydney Millenium Beach;Car Rent;Moore;1200
Sydney Millenium Beach;Car Rent;Schmidt;1600
Sydney Millenium Beach;Travel Reservation;Schmidt;360
Sydney Millenium Beach;Travel Reservation;Schmidt;1440
Sydney Millenium Beach;Travel Reservation;Schmidt;4800
Annapurna Resort;Hotel Room;Schmidt;11040
Annapurna Resort;Hotel Suite;Moore;13500
Annapurna Resort;Hotel Suite;Moore;3600
Annapurna Resort;Hotel Suite;Schmidt;3600
Annapurna Resort;Fast Food;Moore;1080
Annapurna Resort;Poolside Bar;Moore;1452
Annapurna Resort;Poolside Bar;Schmidt;968
Annapurna Resort;Restaurant;Schmidt;1200
Annapurna Resort;Activities;Moore;3600
Annapurna Resort;Activities;Schmidt;2400
Annapurna Resort;Excursion;Schmidt;2160
Annapurna Resort;Sports;Moore;3000
Annapurna Resort;Sports;Moore;900
Annapurna Resort;Sports;Schmidt;4050
Annapurna Resort;Car Rent;Moore;300
Annapurna Resort;Car Rent;Schmidt;900
Annapurna Resort;Car Rent;Schmidt;1800
Everest Tibetian Resort;Bungalow;Schmidt;1950
Everest Tibetian Resort;Hotel Room;Schmidt;8120
Everest Tibetian Resort;Hotel Suite;Moore;2478
Everest Tibetian Resort;Fast Food;Schmidt;880
Everest Tibetian Resort;Poolside Bar;Schmidt;513
Everest Tibetian Resort;Activities;Schmidt;1400
Everest Tibetian Resort;Travel Reservation;Schmidt;2760
Everest Tibetian Resort;Travel Reservation;Schmidt;230
Royal Caribbean;Bungalow;Moore;420
Royal Caribbean;Bungalow;Moore;1960
Royal Caribbean;Hotel Room;Moore;4000
Royal Caribbean;Hotel Room;Schmidt;8250
Royal Caribbean;Hotel Suite;Moore;8160
Royal Caribbean;Poolside Bar;Moore;1692
Royal Caribbean;Car Rent;Moore;1260
Royal Caribbean;Car Rent;Schmidt;1680
Royal Caribbean;Travel Reservation;Schmidt;4500
Bahamas Beach;Hotel Room;Thaï;5760
Bahamas Beach;Restaurant;Thaï;2660
Bahamas Beach;Hotel Suite;Thaï;9344
Bahamas Beach;Poolside Bar;Thaï;1360
French Riviera;Hotel Suite;Galagers;9720
French Riviera;Hotel Suite;Galagers;11340
French Riviera;Hotel Suite;Galagers;9720
French Riviera;Hotel Suite;Galagers;8100
French Riviera;Hotel Suite;Galagers;9720
French Riviera;Hotel Suite;Galagers;11340
French Riviera;Hotel Suite;Galagers;9720
French Riviera;Hotel Suite;Galagers;9720
French Riviera;Hotel Suite;Galagers;8100
French Riviera;Hotel Suite;Galagers;11340
French Riviera;Hotel Suite;Galagers;9720
French Riviera;Hotel Suite;Galagers;9720
French Riviera;Poolside Bar;Galagers;1920
French Riviera;Poolside Bar;Galagers;1920
French Riviera;Poolside Bar;Galagers;1920
French Riviera;Poolside Bar;Galagers;1920
French Riviera;Poolside Bar;Galagers;1920
French Riviera;Poolside Bar;Galagers;1920
French Riviera;Poolside Bar;Galagers;1920
French Riviera;Poolside Bar;Galagers;1920
French Riviera;Poolside Bar;Galagers;1920
French Riviera;Poolside Bar;Galagers;1920
French Riviera;Poolside Bar;Galagers;1920
French Riviera;Poolside Bar;Galagers;1920
Bahamas Beach;Hotel Suite;Galagers;8176
Bahamas Beach;Hotel Suite;Galagers;10512
Bahamas Beach;Hotel Suite;Galagers;9344
Bahamas Beach;Hotel Suite;Galagers;9344
Bahamas Beach;Hotel Suite;Galagers;9344
Bahamas Beach;Hotel Suite;Galagers;9344
Bahamas Beach;Hotel Suite;Galagers;9344
Bahamas Beach;Hotel Suite;Galagers;15768
Bahamas Beach;Hotel Suite;Galagers;14016
Bahamas Beach;Hotel Suite;Galagers;14016
Bahamas Beach;Hotel Suite;Galagers;14016
Bahamas Beach;Poolside Bar;Galagers;1360
Bahamas Beach;Poolside Bar;Galagers;1360
Bahamas Beach;Poolside Bar;Galagers;1360
Bahamas Beach;Poolside Bar;Galagers;1360
Bahamas Beach;Poolside Bar;Galagers;1700
Bahamas Beach;Poolside Bar;Galagers;1360
Bahamas Beach;Poolside Bar;Galagers;1360
Bahamas Beach;Poolside Bar;Galagers;2380
Bahamas Beach;Poolside Bar;Galagers;2380
Bahamas Beach;Poolside Bar;Galagers;1360
Bahamas Beach;Poolside Bar;Galagers;2380
Hawaiian Club;Hotel Suite;Galagers;10620
Hawaiian Club;Hotel Suite;Galagers;10620
Hawaiian Club;Hotel Suite;Galagers;10620
Hawaiian Club;Hotel Suite;Galagers;12390
Hawaiian Club;Hotel Suite;Galagers;12390
Hawaiian Club;Hotel Suite;Galagers;12390
Hawaiian Club;Hotel Suite;Galagers;12390
Hawaiian Club;Hotel Suite;Galagers;14160
Hawaiian Club;Hotel Suite;Galagers;10620
Hawaiian Club;Hotel Suite;Galagers;10620
Hawaiian Club;Hotel Suite;Galagers;10620
Hawaiian Club;Hotel Suite;Galagers;12390
Hawaiian Club;Poolside Bar;Galagers;1280
Hawaiian Club;Poolside Bar;Galagers;1280
Hawaiian Club;Poolside Bar;Galagers;1280
Hawaiian Club;Poolside Bar;Galagers;1600
Hawaiian Club;Poolside Bar;Galagers;1920
Hawaiian Club;Poolside Bar;Galagers;1920
Hawaiian Club;Poolside Bar;Galagers;1920
Hawaiian Club;Poolside Bar;Galagers;2240
Hawaiian Club;Poolside Bar;Galagers;1280
Hawaiian Club;Poolside Bar;Galagers;1280
Hawaiian Club;Poolside Bar;Galagers;1280
Hawaiian Club;Poolside Bar;Galagers;1600
French Riviera;Hotel Room;Thaï;3570
French Riviera;Hotel Room;Thaï;4760
French Riviera;Hotel Room;Thaï;4080
French Riviera;Hotel Room;Thaï;3570
French Riviera;Hotel Room;Thaï;2040
French Riviera;Hotel Room;Thaï;3060
French Riviera;Hotel Room;Thaï;2040
French Riviera;Hotel Room;Thaï;3570
French Riviera;Hotel Room;Thaï;2040
French Riviera;Hotel Room;Thaï;3060
French Riviera;Hotel Room;Thaï;2040
French Riviera;Hotel Room;Thaï;2040
French Riviera;Restaurant;Thaï;1785
French Riviera;Restaurant;Thaï;1530
French Riviera;Restaurant;Thaï;2040
French Riviera;Restaurant;Thaï;1785
French Riviera;Restaurant;Thaï;1020
French Riviera;Restaurant;Thaï;1020
French Riviera;Restaurant;Thaï;1020
French Riviera;Restaurant;Thaï;1190
French Riviera;Restaurant;Thaï;1020
French Riviera;Restaurant;Thaï;1020
French Riviera;Restaurant;Thaï;1020
French Riviera;Restaurant;Thaï;1020
Bahamas Beach;Hotel Room;Thaï;3840
Bahamas Beach;Hotel Room;Thaï;6720
Bahamas Beach;Hotel Room;Thaï;5760
Bahamas Beach;Hotel Room;Thaï;5760
Bahamas Beach;Hotel Room;Thaï;6720
Bahamas Beach;Hotel Room;Thaï;5760
Bahamas Beach;Hotel Room;Thaï;4800
Bahamas Beach;Hotel Room;Thaï;6912
Bahamas Beach;Hotel Room;Thaï;5760
Bahamas Beach;Hotel Room;Thaï;8064
Bahamas Beach;Hotel Room;Thaï;4608
Bahamas Beach;Restaurant;Thaï;1425
Bahamas Beach;Restaurant;Thaï;3040
Bahamas Beach;Restaurant;Thaï;2660
Bahamas Beach;Restaurant;Thaï;2660
Bahamas Beach;Restaurant;Thaï;2660
Bahamas Beach;Restaurant;Thaï;2660
Bahamas Beach;Restaurant;Thaï;2660
Bahamas Beach;Restaurant;Thaï;2660
Bahamas Beach;Restaurant;Thaï;1520
Bahamas Beach;Restaurant;Thaï;3990
Bahamas Beach;Restaurant;Thaï;2660
Hawaiian Club;Hotel Room;Thaï;8775
Hawaiian Club;Hotel Room;Thaï;11700
Hawaiian Club;Hotel Room;Thaï;11700
Hawaiian Club;Hotel Room;Thaï;14040
Hawaiian Club;Hotel Room;Thaï;11700
Hawaiian Club;Hotel Room;Thaï;11700
Hawaiian Club;Hotel Room;Thaï;11700
Hawaiian Club;Hotel Room;Thaï;14040
Hawaiian Club;Hotel Room;Thaï;10725
Hawaiian Club;Hotel Room;Thaï;11700
Hawaiian Club;Hotel Room;Thaï;14040
Hawaiian Club;Hotel Room;Thaï;14040
Hawaiian Club;Restaurant;Thaï;6750
Hawaiian Club;Restaurant;Thaï;9000
Hawaiian Club;Restaurant;Thaï;9000
Hawaiian Club;Restaurant;Thaï;10800
Hawaiian Club;Restaurant;Thaï;9000
Hawaiian Club;Restaurant;Thaï;9000
Hawaiian Club;Restaurant;Thaï;9000
Hawaiian Club;Restaurant;Thaï;10800
Hawaiian Club;Restaurant;Thaï;8250
Hawaiian Club;Restaurant;Thaï;9000
Hawaiian Club;Restaurant;Thaï;9000
Hawaiian Club;Restaurant;Thaï;10800
French Riviera;Bungalow;Galagers;3840
French Riviera;Bungalow;Galagers;3840
French Riviera;Bungalow;Galagers;4800
French Riviera;Bungalow;Galagers;2880
French Riviera;Bungalow;Galagers;3840
French Riviera;Bungalow;Galagers;3840
French Riviera;Bungalow;Galagers;3840
French Riviera;Bungalow;Galagers;3840
French Riviera;Bungalow;Galagers;2520
French Riviera;Bungalow;Galagers;3360
French Riviera;Bungalow;Galagers;3360
French Riviera;Bungalow;Galagers;3360
French Riviera;Excursion;Galagers;5600
French Riviera;Excursion;Galagers;4200
French Riviera;Excursion;Galagers;7000
French Riviera;Excursion;Galagers;4200
French Riviera;Excursion;Galagers;5600
French Riviera;Excursion;Galagers;5600
French Riviera;Excursion;Galagers;5600
French Riviera;Excursion;Galagers;5600
French Riviera;Excursion;Galagers;3675
French Riviera;Excursion;Galagers;4900
French Riviera;Excursion;Galagers;4900
French Riviera;Excursion;Galagers;4900
Bahamas Beach;Bungalow;Galagers;2880
Bahamas Beach;Bungalow;Galagers;2880
Bahamas Beach;Bungalow;Galagers;2880
Bahamas Beach;Bungalow;Galagers;3840
Bahamas Beach;Bungalow;Galagers;4480
Bahamas Beach;Bungalow;Galagers;3840
Bahamas Beach;Bungalow;Galagers;3840
Bahamas Beach;Bungalow;Galagers;4800
Bahamas Beach;Bungalow;Galagers;3200
Bahamas Beach;Bungalow;Galagers;6720
Bahamas Beach;Bungalow;Galagers;7840
Bahamas Beach;Excursion;Galagers;1200
Bahamas Beach;Excursion;Galagers;1800
Bahamas Beach;Excursion;Galagers;1500
Bahamas Beach;Excursion;Galagers;1800
Bahamas Beach;Excursion;Galagers;1800
Bahamas Beach;Excursion;Galagers;1500
Bahamas Beach;Excursion;Galagers;2100
Bahamas Beach;Excursion;Galagers;1500
Bahamas Beach;Excursion;Galagers;1500
Bahamas Beach;Excursion;Galagers;2500
Bahamas Beach;Excursion;Galagers;1800
Hawaiian Club;Bungalow;Galagers;6000
Hawaiian Club;Bungalow;Galagers;6000
Hawaiian Club;Bungalow;Galagers;6000
Hawaiian Club;Bungalow;Galagers;7500
Hawaiian Club;Bungalow;Galagers;6000
Hawaiian Club;Bungalow;Galagers;6000
Hawaiian Club;Bungalow;Galagers;6000
Hawaiian Club;Bungalow;Galagers;11250
Hawaiian Club;Bungalow;Galagers;4800
Hawaiian Club;Bungalow;Galagers;6000
Hawaiian Club;Bungalow;Galagers;6000
Hawaiian Club;Bungalow;Galagers;7500
Hawaiian Club;Excursion;Galagers;4000
Hawaiian Club;Excursion;Galagers;4000
Hawaiian Club;Excursion;Galagers;4000
Hawaiian Club;Excursion;Galagers;5000
Hawaiian Club;Excursion;Galagers;4000
Hawaiian Club;Excursion;Galagers;4000
Hawaiian Club;Excursion;Galagers;4000
Hawaiian Club;Excursion;Galagers;6000
Hawaiian Club;Excursion;Galagers;3200
Hawaiian Club;Excursion;Galagers;4000
Hawaiian Club;Excursion;Galagers;4000
Hawaiian Club;Excursion;Galagers;5000
Bahamas Beach;Restaurant;Thaï;1140
Bahamas Beach;Restaurant;Thaï;2280
Bahamas Beach;Restaurant;Thaï;3990
Bahamas Beach;Restaurant;Thaï;3325
Bahamas Beach;Restaurant;Thaï;3990
Bahamas Beach;Restaurant;Thaï;3990
Bahamas Beach;Bungalow;Thaï;2880
Bahamas Beach;Excursion;Thaï;1500
